country,customer,deadline,description,number,price,url_addr
BLR,"ОАО ""Витебская бройлерная птицефабрика""",2019-07-22,"автомобиля Hyundai Accent , базовое исполнение (или аналог)",2019-730739,30 000,http://www.icetrade.by/tenders/all/view/730739
BLR,"УП ""БЕЛЖЕЛДОРСНАБ""",2019-07-17,устройство контроля усилия стрелочных приводов УКРУП-12ТЦ,2019-730738,0,http://www.icetrade.by/tenders/all/view/730738
BLR,"ОАО ""Витебскхлебпром""",2019-07-17,Закупка печи,2019-730737,60 000,http://www.icetrade.by/tenders/all/view/730737
BLR,"ОАО ""Здравушка-милк""",2019-07-22,"топпер с наполнителем разноцветное какао-драже, покрытое сахарной глазурью",2019-730735,73 038,http://www.icetrade.by/tenders/all/view/730735
BLR,"ОАО ""БМЗ- управляющая компания холдинга ""БМК""",2019-07-19,Закупка магнитного вибрата,2019-730734,17 500,http://www.icetrade.by/tenders/all/view/730734
BLR,"ОАО ""Стройтрест № 3 Ордена Октябрьской революции""",2019-07-23,Закупка монолитного поликарбоната,2019-730733,0,http://www.icetrade.by/tenders/all/view/730733
BLR,"Государственное предприятие ""ЖРЭУ г. Пинска""",2019-07-17,Текущий ремонт жилых домов,2019-730513,169 462.33,http://www.icetrade.by/tenders/all/view/730513
BLR,"ОАО ""Слуцкий сахарорафинадный комбинат""",2019-07-31,Закупка пленки для упаковки сырого жома по лотам,2019-730709,3 000,http://www.icetrade.by/tenders/all/view/730709
BLR,"Государственное областное унитарное предприятие ""Управление капитального строительства Гродненского облисполкома""",2019-07-24,"лот № 1 «Электросушители  для рук», лот №2 «Холодильное оборудование», лот №3 «Линия раздачи обедов и плита электрическая», лот № 4 «Водонагреватель», лот №5 «Кухонное настольное оборудование» для комплектации объекта: «Здание общежития на 1030 мест УО «Гродненский государственный медицинский университет» в квартале учебных заведений по ул. Курчатова в г. Гродно».",2019-730326,22 550,http://www.icetrade.by/tenders/all/view/730326
BLR,"Государственное предприятие ""УКС Несвижского района""",2019-08-07,Строительство водопроводной сети и артскважины,2019-728563,721 533,http://www.icetrade.by/tenders/all/view/728563
BLR,"ОАО ""АСБ Беларусбанк""",2019-07-18,Музыкальное оборудование для учреждений ОАО «АСБ Беларусбанк»,2019-730427,28 000,http://www.icetrade.by/tenders/all/view/730427
country,customer,deadline,description,number,price,url_addr
BLR,"ОАО ""МАЗ"" - управляющая компания холдинга ""БЕЛАВТОМАЗ""",2019-07-29,«Ремонт железнодорожного путепровода по ул.Промышленной в г.Минске».,2019-730849,0,http://www.icetrade.by/tenders/all/view/730849
BLR,"ОАО ""ГЗЛиН""",2019-08-02,"пластины.державки и запчасти к ним по ТУ  BY690614829.001-2010,ISO",2019-730848,0,http://www.icetrade.by/tenders/all/view/730848
BLR,"ОАО ""МИНСКИЙ ЗАВОД ""ТЕРМОПЛАСТ""",2019-07-18,Электродвигатель для электрокофемолки,2019-730847,0,http://www.icetrade.by/tenders/all/view/730847
BLR,"Унитарное предприятие ""Барановичский зооветснаб""",2019-07-22,"Выбор подрядной организации для выполнения работ по сносу здания на объекте ""Снос здания склада ГСМ с инвентарным номером 110/С54869 по ул.Слонимское шоссе, 47В/2 в г.Барановичи""",2019-730845,0,http://www.icetrade.by/tenders/all/view/730845
BLR,"ОАО ""ГЗЛиН""",2019-07-31,Ремонт котлов,2019-730844,45 000,http://www.icetrade.by/tenders/all/view/730844
BLR,"ООО ""СанТрейдИнженеринг""",2019-07-19,Разработка проектно-сметной документации,2019-730843,70 000,http://www.icetrade.by/tenders/all/view/730843
BLR,"ОАО ""Борисовдрев""",2019-07-30,Закупка набивного шнека в комплекте дренажом для цеха МДФ ОАО «Борисовдрев».,2019-730842,81 100,http://www.icetrade.by/tenders/all/view/730842
BLR,"ОАО ""ГЗЛиН""",2019-08-02,тиски по IO,2019-730838,0,http://www.icetrade.by/tenders/all/view/730838
BLR,"ОАО ""Управляющая компания холдинга ""Бобруйскагромаш""",2019-07-31,частичная замена двутавровой балки подвесных подкрановых путей,2019-730837,0,http://www.icetrade.by/tenders/all/view/730837
BLR,"ОАО ""Витебские ковры""",2019-07-16,Закупка нити полиэфирной,2019-730836,42 000,http://www.icetrade.by/tenders/all/view/730836
BLR,"ОАО ""МАЗ"" - управляющая компания холдинга ""БЕЛАВТОМАЗ""",2019-07-16,"доставка 4 двигателей и систем нейтрализации жд транспортом по маршруту г. Пекин, Китай - ОАО ""МАЗ"", г. Минск, Беларусь",2019-730835,0,http://www.icetrade.by/tenders/all/view/730835
BLR,"ГЛХУ ""Слонимский лесхоз""",2019-07-18,"Переговоры, проводимые по выбору проектной организации: «Строительство шумоизоляционного ограждения на территории ДОЦ от жилой застройки в д.Петралевичи-II»",2019-730834,7 000,http://www.icetrade.by/tenders/all/view/730834
BLR,"Государственное областное унитарное предприятие ""Управление капитального строительства Гродненского облисполкома""",2019-07-24,"№ 1 «Приборы бытовые электрические», лот №2 «Верстаки, тиски, доски гладильные», лот №3 «Аппарат кассовый», лот № 4 «Машина стиральная бытовая», лот №5 «Машина швейная промышленная»",2019-730305,8 400,http://www.icetrade.by/tenders/all/view/730305
BLR,"ОАО ""СМТ №41"" г.Сморгонь",2019-07-26,закупка постановочного освещения,2019-730833,206 601,http://www.icetrade.by/tenders/all/view/730833
BLR,"ЗАО ""Гомельский ВСЗ""",2019-07-17,Закупка песка,2019-730832,224 817,http://www.icetrade.by/tenders/all/view/730832
BLR,"ООО ""ГродноАгроинвест""",2019-07-16,"Кран шаровой, клапан, компенсатор",2019-730831,0,http://www.icetrade.by/tenders/all/view/730831
BLR,"ОАО ""МАЗ"" - управляющая компания холдинга ""БЕЛАВТОМАЗ""",2019-07-16,"Доставка моста для автобуса из порта Циндао, Китай",2019-730830,0,http://www.icetrade.by/tenders/all/view/730830
BLR,"УП ""ЖРЭО ЗАВОДСКОГО РАЙОНА Г.МИНСКА""",2019-07-19,"Выбор подрядной организации на выполнение работ по благоустройству прилегающей к зданию территории по ул. Ангарская, д. 36",2019-730828,111 418,http://www.icetrade.by/tenders/all/view/730828
BLR,"ОАО ""СМТ №41"" г.Сморгонь",2019-07-26,закупка звукового оборудования,2019-730827,198 063.95,http://www.icetrade.by/tenders/all/view/730827
BLR,"УП ""МИНСКМЕТРОСТРОЙ""",2019-08-09,Выбор генподрядной организации для разработки проектной документации и выполнения изыскательских работ,2019-730720,474 000,http://www.icetrade.by/tenders/all/view/730720
BLR,"ОАО ""Нафтан""",2019-07-24,Cварочный агрегат с приводным двигателем в комплекте с запасными частями согласно техническому заданию на закупку (Приложение №1) - 2 комплекта,2019-730826,0,http://www.icetrade.by/tenders/all/view/730826
BLR,"ОАО ""Беларуськалий""",2019-07-17,Закупка запасных частей к иномаркам,2019-730824,0,http://www.icetrade.by/tenders/all/view/730824
BLR,"Учреждение ""МИНСКОЕ ОБЛАСТНОЕ УПРАВЛЕНИЕ МЧС""",2019-07-22,Текущий ремонт помещений ПАСЧ №3 на объектах Несвижского УМГ ОАО «ГАЗПРОМ ТРАНСГАЗ БЕЛАРУСЬ,2019-730823,66 655.33,http://www.icetrade.by/tenders/all/view/730823
BLR,Гомельский опытный лесхоз,2019-07-25,Система цифровой двусторонней радиосвязи (для работы в диапазоне частот – 146-174 МГц),2019-730822,65 000,http://www.icetrade.by/tenders/all/view/730822
BLR,"ОАО ""Селекционно-гибридный центр ""Западный""",2019-08-12,Ремонт и комплектующие к ремонту газопоршневого двигателя MAN E2876LE302 (2006 г.в.) № 30112802341277 биогазовой установки свинокомплекса,2019-730821,0,http://www.icetrade.by/tenders/all/view/730821
BLR,"ОАО ""Гродно Азот""",2019-08-01,Закупка масла Mobil DTE 732,2019-730820,0,http://www.icetrade.by/tenders/all/view/730820
BLR,"ОАО ""Мозырский НПЗ""",2019-08-01,закупка запасных частей для компрессоров Howden,2019-730819,0,http://www.icetrade.by/tenders/all/view/730819
BLR,РЦТО МЧС РБ,2019-07-17,выбор инженерной организации на осуществление технического надзора и составление сметной документации на объекты текущего ремонта,2019-730818,0,http://www.icetrade.by/tenders/all/view/730818
BLR,"ОАО ""Беловежский""",2019-07-31,«тест-наборы в период с 01.09.2019г по 31.12.2019г.»,2019-730817,0,http://www.icetrade.by/tenders/all/view/730817
BLR,"ОАО ""Витебские ковры""",2019-07-16,закупка джутовой пряжи,2019-730816,230 000,http://www.icetrade.by/tenders/all/view/730816
BLR,"ОАО ""АСБ Беларусбанк""",2019-07-22,ремонт,2019-730487,2 420,http://www.icetrade.by/tenders/all/view/730487
BLR,"РУП ""БЕЛПОЧТА""",2019-07-18,Закупка расходных материалов для фискальных регистраторов Epson,2019-730815,0,http://www.icetrade.by/tenders/all/view/730815
BLR,"Управление по образованию, спорту и туризму Червенского районного исполнительного комитета",2019-07-15,выбор подрядной организации по установке систем молниезащиты в здание школы и столовой ГУО «Средняя школа №2 им. А.К. Флегонтова г.Червеня».,2019-730814,11 160,http://www.icetrade.by/tenders/all/view/730814
BLR,"ОАО ""АСБ Беларусбанк""",2019-07-22,строительно-монтажные работы,2019-730484,4 567,http://www.icetrade.by/tenders/all/view/730484
BLR,"ОАО ""Городейский сахарный комбинат""",2019-08-01,закупка плёнки для упаковочного пресса,2019-730813,0,http://www.icetrade.by/tenders/all/view/730813
BLR,"РУП ""МИНСКЭНЕРГО""",2019-07-17,Ремонт каналов подачи топлива (щепы) котла КЕ-25 МТЭЦ г. Вилейка,2019-730812,31 600,http://www.icetrade.by/tenders/all/view/730812
BLR,"ОАО ""Бресттекстильторг""",2019-07-16,Снос проходной с вывозом строительных отходов,2019-730481,0,http://www.icetrade.by/tenders/all/view/730481
BLR,"ОАО ""АГАТ-системы управления"" - управляющая компания холдинга ""Геоинформационные системы управления""",2019-07-17,Мачта телескопическая STV-12/128 или аналог,2019-730811,71 709.60,http://www.icetrade.by/tenders/all/view/730811
BLR,"ОАО ""Беловежский""",2019-07-16,«Глифосат содержащий гербицид»,2019-730810,0,http://www.icetrade.by/tenders/all/view/730810
BLR,"ОАО ""Могилевлифтмаш""",2019-07-31,Ремонт в раме (наработка между 22000 и 40000 моточасов) когенерационного оборудования CATERPILLAR G3516С (КГУ-1) серийный номер GZZ00267/А5А00174,2019-730808,298 588.54,http://www.icetrade.by/tenders/all/view/730808
BLR,"ОАО ""БМЗ- управляющая компания холдинга ""БМК""",2019-07-18,"1.Строительно-монтажные работы по объекту.«МЦ. Организация помещения граверной в кабинете №6 з/у№1» 2.Строительно-монтажные и пусконаладочные работы по объекту ""ЭСПЦ-1. Замена инжекторов, панелей и водоохлаждаемых блоков на каркасе ДСП-1.""",2019-730807,53 477.50,http://www.icetrade.by/tenders/all/view/730807
BLR,"ОАО ""ИНТЕГРАЛ"" - управляющая компания холдинга ""ИНТЕГРАЛ""",2019-07-16,"Припой Felder Sn63Pb37 Elr 1% 0,75мм",2019-730806,0,http://www.icetrade.by/tenders/all/view/730806
BLR,"ОАО ""Витебские ковры""",2019-07-16,Закупка нити полиэфирной текстурированной,2019-730805,32 000,http://www.icetrade.by/tenders/all/view/730805
BLR,Представительство АО «НИАЭП» в Республике Беларусь,2019-07-19,№ 80123/65 «Поставка мобильных ограждений»,2019-730804,24 482.64,http://www.icetrade.by/tenders/all/view/730804
BLR,"Государственное предприятие ""УКС Солигорского района """,2019-08-12,Выбор генеральной проектной организации на проектно-изыскательские работы по объекту: «Строительство пожарного депо в г. Солигорске»,2019-730803,100 000,http://www.icetrade.by/tenders/all/view/730803
BLR,филиал РУП «Могилевэнерго» Инженерный центр,2019-07-26,"Закупка проектно-изыскательских работ по объекту ""Телемеханизация Климовичского РЭС"" в части проектирования сетей и оборудования связи (РРЛС, ЛВС, радиосвязь).",2019-730802,60 000,http://www.icetrade.by/tenders/all/view/730802
BLR,ОАО «Агрокомбинат «Скидельский»,2019-07-18,Закупка машины для мойки яйца для филиала «Скидельская птицефабрика»,2019-730801,40 000,http://www.icetrade.by/tenders/all/view/730801
BLR,"Государственное предприятие ""УКС Лепельского района""",2019-07-17,"выбор проектной организации  на внесение изменений в проектно-сметную документацию (отделка квартир) по объекту «40-квартирный жилой дом по ул. Советская, 38В в г. Лепеле» (с последующими согласованиями и проведением государственной экспертизы проекта)",2019-730691,1 920,http://www.icetrade.by/tenders/all/view/730691
BLR,"ГУ ""БОРИСОВСКОЕ ЭУ ВС""",2019-07-18,"выполнение ремонтно - строительных работ на объекте текущего ремонта ""Комендатура инв.№18/26.г. Борисов"" (2 очередь)",2019-730799,31 492,http://www.icetrade.by/tenders/all/view/730799
BLR,Управление по образованию Оршанского райисполкома,2019-07-26,текущий ремонт кровли и вентиляционных шахт  в ГУО «Ясли-сад №16 г.Орши»,2019-730798,10 000,http://www.icetrade.by/tenders/all/view/730798
BLR,"ОАО ""Белэлектромонтаж"" Филиал ""ЭМУ-2""",2019-07-18,Выполнение работ по строительству светофорного регулирования и сетей связи ОРУД,2019-730797,63 083.06,http://www.icetrade.by/tenders/all/view/730797
BLR,Управление по образованию Оршанского райисполкома,2019-07-26,Текущий ремонт асфальтобетонного покрытия в государственном учреждении образования «Ясли-сад №23 г.Орши»,2019-730795,15 000,http://www.icetrade.by/tenders/all/view/730795
BLR,"ОАО ""МАЗ"" - управляющая компания холдинга ""БЕЛАВТОМАЗ""",2019-07-31,Вакцина для проведения вакцинации против гриппа,2019-730794,0,http://www.icetrade.by/tenders/all/view/730794
BLR,"ОАО ""Мозырский НПЗ""",2019-07-16,закупка лопастей для аппаратов воздушного охлаждения,2019-730793,18 000,http://www.icetrade.by/tenders/all/view/730793
BLR,"ОАО ""Городейский сахарный комбинат""",2019-07-22,Этикетка самоклеящаяся,2019-730792,0,http://www.icetrade.by/tenders/all/view/730792
BLR,"ОАО ""Могилевхлебопродукт""-управляющая компания холдинга ""Могилевхлебопродукт""",2019-07-18,Закупка шрота соевого,2019-730791,75 000,http://www.icetrade.by/tenders/all/view/730791
BLR,"ООО ""Котлоэнергосервис-СМУ""",2019-07-19,закупка щебня,2019-730790,16 500,http://www.icetrade.by/tenders/all/view/730790
BLR,"ОАО ""Слуцкий льнозавод""",2019-08-12,"семена льна-долгунца : Сорта импортной селекции:- репродукция супер элиты, элиты и РС-1 в объеме 100 тонн",2019-730789,600 000,http://www.icetrade.by/tenders/all/view/730789
BLR,"Государственное предприятие ""Жилищное коммунальное хозяйство Ленинского района г. Минска""",2019-07-22,"выбор подрядных организаций для выполнения работ по текущему ремонту балконов и фасада жилых домов №№ 12, 16, 18 по пр. Независимости, а также балконов кв. № 54 жилого дома № 55 по ул. Плеханова в г.Минске",2019-730788,10 485.47,http://www.icetrade.by/tenders/all/view/730788
BLR,"ОАО ""Беларуськалий""",2019-07-22,закупка газонокосильной машины (аналог Ma.Tra-350),2019-730786,0,http://www.icetrade.by/tenders/all/view/730786
BLR,"ОАО ""МЭТЗ ИМ.В.И.КОЗЛОВА""",2019-08-01,Закупка проводов,2019-730785,1 057 140,http://www.icetrade.by/tenders/all/view/730785
BLR,"Государственное предприятие ""Белаэронавигация""",2019-07-17,Закупка лотков проволочных,2019-730784,15 500,http://www.icetrade.by/tenders/all/view/730784
BLR,"Бобруйское государственное предприятие ""Водоканал""",2019-07-19,"Разработка ПСД ""Тепловая модернизация стен здания ремонтного цеха инв. № 1562 по ул. Урицкого, 2 в г. Бобруйске""",2019-730783,0,http://www.icetrade.by/tenders/all/view/730783
BLR,"ОАО ""Стройтрест №7""",2019-07-16,"Закупка  №215 – Метро – кабель, коробки",2019-730782,167.64,http://www.icetrade.by/tenders/all/view/730782
BLR,"Гродненское республиканское унитарное предприятие электроэнергетики ""Гродноэнерго""",2019-07-17,Моторизированная система подъема ЖК-монитора,2019-730781,51 480,http://www.icetrade.by/tenders/all/view/730781
BLR,"ОАО ""СМТ №41"" г.Сморгонь",2019-07-18,закупка механического оборудования (одежда сцены),2019-730780,75 000,http://www.icetrade.by/tenders/all/view/730780
BLR,"Бобруйское государственное предприятие ""Водоканал""",2019-07-17,Фреза дорожная к трактору МТЗ-82 в комплекте с ходоуменьшителем,2019-730447,16 440,http://www.icetrade.by/tenders/all/view/730447
BLR,"Государственное предприятие ""Управляющая компания холдинга ""БЦК""",2019-08-01,"Закупка мотор-редуктора и гидротолкателя для ОАО ""Белорусский цементный завод""",2019-730779,102 015.12,http://www.icetrade.by/tenders/all/view/730779
BLR,"ОАО ""СМТ №41"" г.Сморгонь",2019-07-18,закупка видеопроекционного оборудования,2019-730778,65 000,http://www.icetrade.by/tenders/all/view/730778
BLR,"ОАО ""Витебскхлебпром""",2019-07-17,Закупка автомобиля,2019-730777,43 000,http://www.icetrade.by/tenders/all/view/730777
BLR,"ОАО ""СМТ №41"" г.Сморгонь",2019-07-18,закупка механического оборудования сцены,2019-730776,33 239.76,http://www.icetrade.by/tenders/all/view/730776
BLR,"ОАО ""Гродненский мясокомбинат""",2019-07-17,Закупка инструмента для РСЦ,2019-730775,4 340,http://www.icetrade.by/tenders/all/view/730775
BLR,"ОАО ""СМТ №41"" г.Сморгонь",2019-07-18,закупка оборудования системы режиссерской связи,2019-730774,636,http://www.icetrade.by/tenders/all/view/730774
BLR,"ОАО ""БЕЛАЗ"" - управляющая компания холдинга ""БЕЛАЗ-ХОЛДИНГ""",2019-07-19,"Выбор подрядной организации на выполнение работ по обследованию, разработке проектно-сметной документации по объекту: "" Реконструкция кровли Дворца культуры ОАО ""БЕЛАЗ"" - управляющая компания холдинга ""БЕЛАЗ-ХОЛДИНГ"" по ул.Деревянко, д.3 в г.Жодино",2019-730773,11 000,http://www.icetrade.by/tenders/all/view/730773
BLR,"Белыничский СПК ""Колхоз ""Родина""",2019-07-18,закупка средств защиты растений,2019-730437,0,http://www.icetrade.by/tenders/all/view/730437
BLR,"ОАО ""Молоко"" г. Витебск",2019-08-02,Бактериальные закваски для творога,2019-730772,660 000,http://www.icetrade.by/tenders/all/view/730772
BLR,"""Ошмянский сыродельный завод"" филиал ОАО ""Лидский молочно-консервный комбинат""",2019-07-19,"Моющие и дезинфицирующие средства для санитарной обработки оборудования, помещений, автомолцистерн",2019-730771,50 109,http://www.icetrade.by/tenders/all/view/730771
BLR,"РУП ""БЕЛЭЗ""",2019-07-18,"фальцеосадочная машина, фальцеосадочный станок.",2019-730770,9 500,http://www.icetrade.by/tenders/all/view/730770
BLR,"ОАО ""МТЗ""",2019-07-16,Элементы подвесного потолка,2019-730769,0,http://www.icetrade.by/tenders/all/view/730769
BLR,"ОАО ""МАЗ"" - управляющая компания холдинга ""БЕЛАВТОМАЗ""",2019-07-19,Услуга по проведению капитального ремонта асинхронных электродвигателей с фазным ротором,2019-730768,0,http://www.icetrade.by/tenders/all/view/730768
BLR,"ОАО ""МТЗ""",2019-07-31,Закупка долбяков модульных из порошковой быстрорежущей стали (7 лотов) в соответствии с таблицей Приложения №1 (или аналоги),2019-730767,0,http://www.icetrade.by/tenders/all/view/730767
BLR,"ДЭУ-56 РУП ""Гродноавтодор""",2019-07-29,Асфальтобетонные смеси,2019-730766,57 822.05,http://www.icetrade.by/tenders/all/view/730766
BLR,"РУП ""Издательство ""Адукацыя i выхаванне""",2019-07-17,Полиграфические услуги по изготовлению учебных изданий,2019-730765,75 247,http://www.icetrade.by/tenders/all/view/730765
BLR,"""Ошмянский сыродельный завод"" филиал ОАО ""Лидский молочно-консервный комбинат""",2019-07-19,Ароматизатор пищевой для производства сыров,2019-730764,38 880,http://www.icetrade.by/tenders/all/view/730764
BLR,"Витебское республиканское унитарное предприятие электроэнергетики ""Витебскэнерго""",2019-07-15,"Приём следующих отходов производства: сучья, ветки, вершины (код - 1730200); отходы корчевания пней (код - 1730300); козырьки, откормлевки, обрезки при раскряжевке; деревянная тара и незагрязнённые древесные отходы.",2019-730763,0,http://www.icetrade.by/tenders/all/view/730763
BLR,"ОАО ""Управляющая компания холдинга ""МИНСКИЙ МОТОРНЫЙ ЗАВОД""",2019-07-31,Закупка конструкционной стали,2019-730655,500 000,http://www.icetrade.by/tenders/all/view/730655
BLR,"ОАО ""ПРОМСВЯЗЬ""",2019-07-16,Комплектующие изделия для изготовления модулятора-возбудителя DVB-T/T2 и антенны GPS по ЛОТам,2019-730762,0,http://www.icetrade.by/tenders/all/view/730762
BLR,"ГУПП ""Берёзовское ЖКХ""",2019-07-17,"Насосы по объектам: «Автоматизация и диспетчеризация на котельной № 1, 2, 9, 15, 16, 30 Березовского района»",2019-730761,18 760,http://www.icetrade.by/tenders/all/view/730761
BLR,"Могилевский филиал РУП ""Белтелеком""",2019-07-17,Оклейка автомобилей,2019-730760,14 000,http://www.icetrade.by/tenders/all/view/730760
BLR,"ОАО ""Паритетбанк""",2019-07-17,Услуга по техническому обслуживанию инженерных систем,2019-730759,24 000,http://www.icetrade.by/tenders/all/view/730759
BLR,"РУП ""Производственное объединение ""Белоруснефть""",2019-07-18,Работы по производству комбикорма для родительского стада и ремонтного молодняка кур мясного направления,2019-730758,1 785 000,http://www.icetrade.by/tenders/all/view/730758
BLR,"Учреждение образования ""Гродненский государственный университет имени Янки Купалы""",2019-07-17,"Выполнение работ по объекту: ""Текущий ремонт борцовского зала по ул. Захарова, 32/2 в г. Гродно""",2019-730757,45 213,http://www.icetrade.by/tenders/all/view/730757
BLR,"УП ""УКС МИНГОРИСПОЛКОМА""",2019-07-17,Закупка кабельных изделий и проводов для систем безопасности,2019-730756,0,http://www.icetrade.by/tenders/all/view/730756
BLR,"РУП ""Производственное объединение ""Белоруснефть""",2019-08-01,Запчасти для телеметрических систем Compass,2019-730755,841 500,http://www.icetrade.by/tenders/all/view/730755
BLR,ГХУ УПРАВЛЕНИЯ ДЕЛАМИ ПРЕЗИДЕНТА РЕСПУБЛИКИ БЕЛАРУСЬ,2019-07-16,Закупка услуг по содержанию и эксплуатации зданий и прилегающих к ним территорий,2019-730754,1 278 143.58,http://www.icetrade.by/tenders/all/view/730754
BLR,"Гомельское республиканское унитарное предприятие электроэнергетики ""Гомельэнерго""",2019-07-23,Услуги по предоставлению прав пользования и технической поддержки программного обеспечения CheckPoint,2019-730752,68 000,http://www.icetrade.by/tenders/all/view/730752
BLR,"ОУПП ""Гродненское городское жилищно-коммунальное хозяйство""",2019-08-02,выполнение проектных работ по объекту «Реконструкция автомобильной дороги Н-65020 Лососно-Новики. Устройство тротуара и сетей наружного освещения»,2019-730751,46 022.59,http://www.icetrade.by/tenders/all/view/730751
BLR,"УП ""УКС МИНГОРИСПОЛКОМА""",2019-07-17,закупка кабельных изделий и проводов для систем безопасности,2019-730750,0,http://www.icetrade.by/tenders/all/view/730750
BLR,"ОАО ""Беларуськалий""",2019-07-31,Закупка аппарата кипящего слоя,2019-730749,0,http://www.icetrade.by/tenders/all/view/730749
BLR,"ОАО ""Могилевхимволокно""",2019-07-17,Lecitase Ultra или аналог,2019-730748,30 838,http://www.icetrade.by/tenders/all/view/730748
BLR,"ОАО ""Энерготехпром""",2019-07-17,Закупка металлопроката,2019-730746,91 200,http://www.icetrade.by/tenders/all/view/730746
BLR,"ОАО ""Чистый исток 1872""",2019-07-17,Тритикале (пшенично-ржаной гибрид),2019-730745,247 225,http://www.icetrade.by/tenders/all/view/730745
BLR,"УП ""УКС МИНГОРИСПОЛКОМА""",2019-07-17,Закупка пожарных извещателей,2019-730744,0,http://www.icetrade.by/tenders/all/view/730744
BLR,"ОАО ""Белагропромбанк""",2019-08-07,"Закупка счетчиков монет, мини-сортировщиков банкнот, счетчиков банкнот (с учетом работ по техническому обслуживанию/ремонту оборудования)",2019-730742,250 350,http://www.icetrade.by/tenders/all/view/730742
BLR,"Государственное областное унитарное предприятие ""Управление капитального строительства Гродненского облисполкома""",2019-07-30,"лот №1 «Холодильники бытовые», лот №2 «Плиты электрические, воздухоочистители» для комплектации объекта: «Здание общежития на 1030 мест УО «Гродненский государственный медицинский университет» в квартале учебных заведений по ул. Курчатова в г.Гродно» и на основании приказа генерального директора ГОУП «УКС Гродненского облисполкома»",2019-730741,186 000,http://www.icetrade.by/tenders/all/view/730741
BLR,"УП ""БУМАЖНАЯ ФАБРИКА"" Гознака",2019-07-16,Закупка ленты упаковочной,2019-730740,26 560,http://www.icetrade.by/tenders/all/view/730740
country,customer,deadline,description,number,price,url_addr
BLR,"ОАО ""МАЗ"" - управляющая компания холдинга ""БЕЛАВТОМАЗ""",2019-07-17,Сверлильные головки 055.5000.000,2019-730901,73 000,http://www.icetrade.by/tenders/all/view/730901
BLR,"Филиал ""Минская городская телефонная сеть"" РУП ""Белтелеком""",2019-07-25,Выполнение СМР,2019-730900,598 431,http://www.icetrade.by/tenders/all/view/730900
BLR,"ОАО ""Жабинковский сахарный завод""",2019-07-15,Закупка гофрокороба,2019-730899,3 500,http://www.icetrade.by/tenders/all/view/730899
BLR,"ОАО ""2566 завод по ремонту радиоэлектронного вооружения""",2019-07-17,Закупка электротехнической продукции,2019-730897,0,http://www.icetrade.by/tenders/all/view/730897
BLR,"ОАО ""ДСТ № 3""",2019-07-17,"Электротехничские изделия (светильники, блоки питания, светодиодный профиль)",2019-730896,184 521.21,http://www.icetrade.by/tenders/all/view/730896
BLR,"РУП ""Белтелеком"" Гродненский филиал",2019-07-29,Закупка оборудования связи,2019-730895,40 156,http://www.icetrade.by/tenders/all/view/730895
BLR,"ОАО ""Мозырский НПЗ""",2019-08-01,"Закупка перхлорэтилена для установки изомеризации ТКП ОАО ""Мозырский НПЗ""",2019-730578,119 127,http://www.icetrade.by/tenders/all/view/730578
BLR,"ОАО ""СМТ №19""",2019-07-25,Постельное белье и спецодежда,2019-730894,2,http://www.icetrade.by/tenders/all/view/730894
BLR,"ОАО ""АГРОКОМБИНАТ ""ДЗЕРЖИНСКИЙ""",2019-07-31,закупка вакцины,2019-730893,457 200,http://www.icetrade.by/tenders/all/view/730893
BLR,"ОМТС РУП ""Могилевское отделение Белорусской железной дороги""",2019-07-18,Закупка измерителя параметров канала тональной частоты ТЧ-ПРО (или аналог),2019-730892,2 000,http://www.icetrade.by/tenders/all/view/730892
BLR,"ОАО ""СТРОЙТРЕСТ №4""",2019-07-18,Переговоры по выбору поставщика комплекта активного оборудования для локально-вычислительной сети для объекта «Строительство многоквартирных жилых домов с инженерно-транспортной  инфраструктурой и объектами социально-гарантируемого обслуживания населения в д.Копище Боровлянского сельсовета Минского района. Школа № 1».,2019-730891,57 102,http://www.icetrade.by/tenders/all/view/730891
BLR,"ОАО ""Прибудский""",2019-07-17,Легковой Автомобиль УАЗ ПАТРИОТ (ПИКАП),2019-730890,0,http://www.icetrade.by/tenders/all/view/730890
BLR,"ОАО ""Солигорская птицефабрика""",2019-08-01,Закупка незернового сырья для выработки комбикорма,2019-730889,0,http://www.icetrade.by/tenders/all/view/730889
BLR,"УП ""Жильё""",2019-07-26,«Услуги инженерной организации по проведению тепловых испытаний для определения фактических тепловых потерь и нормирования тепловых потерь через тепловую изоляцию трубопроводов тепловых сетей от котельных цехов Жодинской ТЭЦ  для: Борисовского городского унитарного предприятия «Жилье»,2019-730888,100 000,http://www.icetrade.by/tenders/all/view/730888
BLR,"ОАО ""СЛУЦКИЙ МЯСОКОМБИНАТ""",2019-07-31,Шрот подсолнечный высокопротеиновый,2019-730887,357 000,http://www.icetrade.by/tenders/all/view/730887
BLR,Унитарное жилищное ремонтно-эксплуатационное предприятие Ленинского района г.Гродно,2019-07-17,Выбор подрядной организации на выполнение строительно-монтажных работ.,2019-730886,87 267.79,http://www.icetrade.by/tenders/all/view/730886
BLR,"Государственное предприятие ""Гордорматериалы""",2019-07-17,Бетон  В60F200*W16,2019-730885,46 300,http://www.icetrade.by/tenders/all/view/730885
BLR,"ОАО ""Мозырский НПЗ""",2019-07-17,Закупка искробезопасного инструмента ОМТС,2019-730884,92 400,http://www.icetrade.by/tenders/all/view/730884
BLR,"ОАО ""Могилевский завод ""Строммашина""",2019-07-31,Закупка аутсорсинговых услуг по ведению бухгалтерского и налогового учета на ОАО «Могилевский завод «Строммашина»»,2019-730882,100 000,http://www.icetrade.by/tenders/all/view/730882
BLR,"ОАО ""Мозырский НПЗ""",2019-07-17,Закупка резинотехнических и асбестотехнических изделий ОМТС,2019-730880,126 700,http://www.icetrade.by/tenders/all/view/730880
BLR,"ООО ""Термотехстрой""",2019-07-24,выбор подрядной организации по выполнению работ по внутренним сетям электроснабжения,2019-730879,1,http://www.icetrade.by/tenders/all/view/730879
BLR,Государственное предприятие «ССУ №4 государственного предприятия «Управление дорожно-мостового строительства и благоустройства Мингорисполкома»,2019-07-17,Выбор организации на оказание услуг оказание услуг по приемке на переработку отходов с объектов строительства,2019-730878,22 500,http://www.icetrade.by/tenders/all/view/730878
BLR,"ОАО ""БЕЛИНВЕСТБАНК""",2019-07-31,Сублицензии для модулей безопасности Thales payShield 9000,2019-730877,0,http://www.icetrade.by/tenders/all/view/730877
BLR,"ОАО ""БМЗ- управляющая компания холдинга ""БМК""",2019-07-18,"Пуско-наладочные работы станции очистки воды на объекте ""Завод по производству газовых баллонов в г.Орша""",2019-730876,340,http://www.icetrade.by/tenders/all/view/730876
BLR,"ГУПП ""Берёзовское ЖКХ""",2019-07-19,"Услуга по выбору инженерной организации для оказания инженерных услуг по комплексному управлению строительной деятельностью, осуществлению технического надзора по объекту: «Строительство станции обезжелезивания воды агрогородка Кабаки Березовского района»",2019-730875,3 764.40,http://www.icetrade.by/tenders/all/view/730875
BLR,"ОАО ""ПМК-212"" г.Молодечно",2019-07-18,закупка плит перекрытия,2019-730874,0,http://www.icetrade.by/tenders/all/view/730874
BLR,"ОАО ""БЕЛАЗ"" - управляющая компания холдинга ""БЕЛАЗ-ХОЛДИНГ""",2019-07-23,"Выбор подрядной организации на выполнение работ на объекте: "" ОАО ""БЕЛАЗ"" - управляющая компания холдинга ""БЕЛАЗ-ХОЛДИНГ"". Корпус ОГК с ИВЦ, АБК со столовой. Модернизация инженерных сетей с устройством системы кондиционирования.",2019-730873,1 844 408,http://www.icetrade.by/tenders/all/view/730873
BLR,"ОАО ""Беларуськалий""",2019-07-23,"Закупка кабеля волоконно-оптического ОКА, кабеля “витая пара” (или аналогов)",2019-730872,50 000,http://www.icetrade.by/tenders/all/view/730872
BLR,"ОАО ""Ратон""",2019-07-19,Обследование строительных конструкций здания производственного корпуса №19,2019-730871,14 000,http://www.icetrade.by/tenders/all/view/730871
BLR,"ОАО ""Гродно Азот""",2019-07-19,"закупка работ по объекту «Выполнение комплекса работ по проектированию охладительной установки пара после котла РКС 25/40 поз.25 с наладкой опорно-подвесной системы паропровода P=2,9 МПа, T=350 oC рег. №29-23-0020 цеха олеума»",2019-730870,0,http://www.icetrade.by/tenders/all/view/730870
BLR,"Государственное областное унитарное предприятие ""Управление капитального строительства Гродненского облисполкома""",2019-07-24,"лот №1 «Колонки топливораздаточные», лот №2 «Резервуары стальные» для комплектации объекта: «Комплекс пограничной заставы с отделением пограничного контроля в н.п. Каменный Лог, Ошмянский район».",2019-730339,62 000,http://www.icetrade.by/tenders/all/view/730339
BLR,"ООО ""Термотехстрой""",2019-07-24,"выбор подрядной организации по внутреннем сантехническим работам (отопление, вентиляция, кондиционирование, водопровод, канализация)",2019-730869,1,http://www.icetrade.by/tenders/all/view/730869
BLR,"ОАО ""Гродножилстрой""",2019-07-16,Закупка радиаторов стальных,2019-730868,41 900,http://www.icetrade.by/tenders/all/view/730868
BLR,"Государственное предприятие ""УКС города Витебска""",2019-07-30,Выбор поставщика вентиляционного оборудования (приточные вентсистемы) для объекта строительства «Школа на 1020 учащихся в микрорайоне «Билево-2» г.Витебска. Квартал №4»,2019-730867,135 000,http://www.icetrade.by/tenders/all/view/730867
BLR,"ОАО ""БМЗ- управляющая компания холдинга ""БМК""",2019-07-22,"Лот №1. Замена трубопроводов охлаждения свода, портала и колена газохода ДСП-3 (инв.№004312) ЭСПЦ-2 (текущий ремонт); Лот №2. Замена подшипников шарнирного трубопровода вакууматора RH (инв.№030660) ЭСПЦ-2 (текущий ремонт); Лот №3. Ремонт м/конструкций шлаковых ворот, тепловых защит шлакового проёма и люльки, тепловых защит  под машиной скачивания шлака ДСП-3 (инв.№004312)   ЭСПЦ-2 (текущий ремонт); Лот №4. Ремонт укрытия (докхауза) ДСП-3 (инв.№031891) ЭСПЦ-2 (текущий ремонт); Лот №5. Ремонт стенки между высотными бункерами извести и кокса ДСП-3 (инв.№004312) ЭСПЦ-2 (текущий ремонт).",2019-730865,129 059.52,http://www.icetrade.by/tenders/all/view/730865
BLR,"ОАО ""МАЗ"" - управляющая компания холдинга ""БЕЛАВТОМАЗ""",2019-07-16,трубы электросварные профильные,2019-730864,2,http://www.icetrade.by/tenders/all/view/730864
BLR,"ЗАО ""Альфа-Банк""",2019-07-24,"Услуги по комплексной профессиональной уборке помещений административных зданий, сооружений и прилегающей территории в объеме годовой потребности ЗАО ""Альфа-Банк""",2019-730863,0,http://www.icetrade.by/tenders/all/view/730863
BLR,"ОАО ""Витязь""",2019-08-01,Проведение технического обслуживания двух когенерационных установок,2019-730862,28 000,http://www.icetrade.by/tenders/all/view/730862
BLR,"УП ""МИНСККОММУНТЕПЛОСЕТЬ""",2019-07-17,Закупка выполнения проектных и изыскательских работ.,2019-730861,6 000,http://www.icetrade.by/tenders/all/view/730861
BLR,"Витебское республиканское унитарное предприятие электроэнергетики ""Витебскэнерго""",2019-07-22,закупка баков-аккумуляторов горячей воды для объекта капитального строительства «РК «Северная» (г. Витебск). Установка водогрейных электрокотлов в целях регулирования минимальной нагрузки энергосистемы после ввода в эксплуатацию Белорусской АЭС»,2019-730860,2 447 955.60,http://www.icetrade.by/tenders/all/view/730860
BLR,"ОАО ""Гродножилстрой""",2019-08-02,Закупка стекла низкоэмиссионного и стекла защитного,2019-730859,112 000,http://www.icetrade.by/tenders/all/view/730859
BLR,"ОАО ""ЭЛЕКТРОЦЕНТРМОНТАЖ""",2019-07-17,"Закупка оборудования КИПиА, РЗиА, АСУТП",2019-730858,418 514,http://www.icetrade.by/tenders/all/view/730858
BLR,"ОАО ""ТРЕСТ №15 ""СПЕЦСТРОЙ""",2019-08-01,Установка для управляемого бурошнекового бурения,2019-730857,1 000 000,http://www.icetrade.by/tenders/all/view/730857
BLR,"Государственное предприятие ""ЖодиноЖилТеплоСервис""",2019-07-18,Закупка электроматериалов и молниезащиты для реконструкции ЦТП-12,2019-730856,7 000,http://www.icetrade.by/tenders/all/view/730856
BLR,"РУП ""Производственное объединение ""Белоруснефть""",2019-07-19,Выбор подрядной организации для выполнения работ по тепловой изоляции трубопроводов,2019-730855,110 369.14,http://www.icetrade.by/tenders/all/view/730855
BLR,"ООО ""Центр организации госзакупок""",2019-07-18,Бензопилы Stihl 361 (или аналоги),2019-730525,0,http://www.icetrade.by/tenders/all/view/730525
BLR,"ОАО ""БЕЛАЗ"" - управляющая компания холдинга ""БЕЛАЗ-ХОЛДИНГ""",2019-07-23,"Выбор подрядной организации на выполнение работ по модернизации на объекте: "" ОАО ""БЕЛАЗ"" - управляющая компания холдинга ""БЕЛАЗ-ХОЛДИНГ"". АБК БПЦ-3. Система кондиционирования.",2019-730854,457 000,http://www.icetrade.by/tenders/all/view/730854
BLR,"Государственное областное унитарное предприятие ""Управление капитального строительства Гродненского облисполкома""",2019-07-24,"лот № 1 «Производственный  инвентарь», лот №2 «Стерилизатор воздушный», лот №3 «Облучатели бактерицидные», лот № 4 «Мебель медицинская», лот №5 «Машины стиральные и сушильные» для комплектации объекта: «Здание общежития на 1030 мест УО «Гродненский государственный медицинский университет» в квартале учебных заведений по ул.Курчатова в г.Гродно».",2019-730315,61 450,http://www.icetrade.by/tenders/all/view/730315
BLR,"ОАО ""СЛУЦКИЙ МЯСОКОМБИНАТ""",2019-07-31,Линия производства гранулированного комбикорма производительностью не менее 7 тонн час,2019-730853,300 000,http://www.icetrade.by/tenders/all/view/730853
BLR,"Унитарное предприятие ""Барановичский зооветснаб""",2019-07-22,"Выбор подрядной организации для инженерных услуг по техническому надзору за выполнением работ по сносу здания на объекте ""Снос здания склада ГСМ с инвентарным номером 110/С-54869 по ул.Слонимское шоссе, 47В/2 в г.Барановичи""",2019-730852,0,http://www.icetrade.by/tenders/all/view/730852
BLR,"УП ""МИНСККОММУНТЕПЛОСЕТЬ""",2019-07-29,Закупка кранов шаровых,2019-730850,175 950,http://www.icetrade.by/tenders/all/view/730850
BLR,"ОАО ""Гродненский мясокомбинат""",2019-07-18,Закупка оборудования для фасовки щепы и запайки пакетов (повторно),2019-730846,14 200,http://www.icetrade.by/tenders/all/view/730846
BLR,"Государственное предприятие ""Жилищное коммунальное хозяйство Ленинского района г. Минска""",2019-07-16,"Выбор подрядной организации для выполнения работ по содержанию объектов благоустройства в части установки информационных табличек «Выгул собак запрещен» на придомовых территориях жилых домов, закрепленных за государственным предприятием «Жилищное коммунальное хозяйство Ленинского района г. Минска»",2019-730841,2 659.27,http://www.icetrade.by/tenders/all/view/730841
BLR,"Государственное предприятие ""УКС Гродненского района""",2019-07-16,Переговоры по выбору подрядной организации для строительства объекта.,2019-730704,104 611,http://www.icetrade.by/tenders/all/view/730704
BLR,"ОАО ""Междулесье""",2019-07-22,Закупка средств защиты растений,2019-730796,0,http://www.icetrade.by/tenders/all/view/730796
